<?xml version="1.0" encoding="UTF-8"?>
<TEI>
  <teiHeader>
    <fileDesc>
      <titleStmt>
        <title>1350243.xml</title>
        <bibl>Ho-Dac, L.-M. and Laippala V. (2017) Le corpus WikiDisc : ressource pour la caractérisation des discussions en ligne. In Wigham, Ciara R.; Ledegen, Gudrun (eds). Corpus de communication médiée par les réseaux : construction, structuration, analyse., l'Harmattan, pp.107-124, ISBN 978-2-343-11212-1. idHal : halshs-01488029</bibl>
        <respStmt>
          <resp>récupération du fichier depuis la sauvegarde globale et encodage la TEI P5</resp>
          <name>Lydia-Mai Ho-Dac</name>
          <email>hodac_at_univ-tlse2.fr</email>
        </respStmt>
        <sponsor>
          <orgName>CORLI</orgName>
          <note>Le consortium CORLI est né du rapprochement des deux consortiums de linguistique de la TGIR Huma-Num : Corpus Écrits et Corpus Oraux et Multimodaux (IRCOM). Leurs membres ont souhaité poursuivre leurs activités dans le cadre d’un nouveau programme scientifique autour des notions de Langues, Corpus et Interactions. Le consortium CORLI est porté par l’Institut de Linguistique Française (CNRS – FR 2393)</note>
        </sponsor>
      </titleStmt>
      <publicationStmt>
        <publisher>
          <orgName>CLLE-ERSS</orgName>
          <address>
            <street>5 Allées A. Machado</street>
            <postCode>31058</postCode>
            <settlement>Toulouse Cedex 9</settlement>
          </address>
        </publisher>
        <date when="Sun Jul  8 20:41:40 2018"/>
        <availability>
          <licence target="http://creativecommons.org/licenses/by-sa/3.0/">
            <p>Following Wikipedia.fr recommendation this corpus (and all its related contents) can be freely distributed and shared subject only to attribution, and share alike. How to reference / cite this contents is given in the titleSmt</p>
          </licence>
        </availability>
      </publicationStmt>
      <sourceDesc>
        <biblStruct>
          <analytic>
            <author>Wikipedia</author>
            <title>Discussion:American Society of Cinematographers</title>
            <idno type="Wikipedia">1350243</idno>
          </analytic>
          <monogr>
            <title>Wikipedia</title>
            <imprint>
              <date>2018-01-01</date>
              <publisher>Wikipedia</publisher>
              <pubPlace>http://dumps.wikimedia.org/frwiki/frwiki-20180101-pages-meta-current.xml.bz2</pubPlace>
            </imprint>
          </monogr>
        </biblStruct>
      </sourceDesc>
      <notesStmt>
        <note>This text is the current (2018-01-01) talk page associated with the French Wikipedia article <name type="article">american_society_of_cinematographers</name></note>
      </notesStmt>
    </fileDesc>
    <encodingDesc>
      <projectDesc></projectDesc>
      <classDecl>
        <taxonomy>
          <bibl>All the category informations are those occurring in the header of the talk page</bibl>
          <category type="genre">
            <catDesc type="main">discussion</catDesc>
            <catDesc type="sub">Wikipedia talk page</catDesc>
          </category>
          <category type="Wikipedia article portal">
            <catDesc>art,,,,,,,,societe,,,</catDesc>
          </category>
          <category type="discipline">
            <catDesc>Cinéma</catDesc>
            <catDesc>Récompenses</catDesc>
            <catDesc>États-Unis</catDesc>
          </category>
          <category type="rate">
            <catDesc>BD</catDesc>
          </category>
        </taxonomy>
      </classDecl>
    </encodingDesc>
    <profileDesc>
      <langUsage>
        <language ident="fr">french</language>
      </langUsage>
      <textDesc>
        <derivation type="translation">
{{Traduit de|en|American Society of Cinematographers|19 Fevrier 2007|97425366}}</derivation>
      </textDesc>
    </profileDesc>
  </teiHeader>
  <text>
    <front>
      <titlePage>
        <docTitle>American Society of Cinematographers</docTitle>
      </titlePage>
    </front>
    <body>
      <div id="1" level="1">
        <head>Joli Logo</head>
        <post bot="no" id="1" indentLevel="0" num="1" when="2011-10-18T16:08" who="Thomas Louis Jacques">
          <p id="1"> Hello, un logo de l'ASC ici: http://en.wikipedia.org/wiki/File:ASC-logo.png --<signed><ref target="https://fr.wikipedia.org/wiki/Utilisateur:Thomas Louis Jacques"><name>Thomas Louis Jacques</name></ref><date>18 octobre 2011 à 16:08 (CEST)</date></signed></p>
        </post>
      </div>
    </body>
  </text>
</TEI>
