<?xml version="1.0" encoding="UTF-8"?>
<TEI>
  <teiHeader>
    <fileDesc>
      <titleStmt>
        <title>1352965.xml</title>
        <bibl>Ho-Dac, L.-M. and Laippala V. (2017) Le corpus WikiDisc : ressource pour la caractérisation des discussions en ligne. In Wigham, Ciara R.; Ledegen, Gudrun (eds). Corpus de communication médiée par les réseaux : construction, structuration, analyse., l'Harmattan, pp.107-124, ISBN 978-2-343-11212-1. idHal : halshs-01488029</bibl>
        <respStmt>
          <resp>récupération du fichier depuis la sauvegarde globale et encodage la TEI P5</resp>
          <name>Lydia-Mai Ho-Dac</name>
          <email>hodac_at_univ-tlse2.fr</email>
        </respStmt>
        <sponsor>
          <orgName>CORLI</orgName>
          <note>Le consortium CORLI est né du rapprochement des deux consortiums de linguistique de la TGIR Huma-Num : Corpus Écrits et Corpus Oraux et Multimodaux (IRCOM). Leurs membres ont souhaité poursuivre leurs activités dans le cadre d’un nouveau programme scientifique autour des notions de Langues, Corpus et Interactions. Le consortium CORLI est porté par l’Institut de Linguistique Française (CNRS – FR 2393)</note>
        </sponsor>
      </titleStmt>
      <publicationStmt>
        <publisher>
          <orgName>CLLE-ERSS</orgName>
          <address>
            <street>5 Allées A. Machado</street>
            <postCode>31058</postCode>
            <settlement>Toulouse Cedex 9</settlement>
          </address>
        </publisher>
        <date when="Sun Jul  8 20:41:46 2018"/>
        <availability>
          <licence target="http://creativecommons.org/licenses/by-sa/3.0/">
            <p>Following Wikipedia.fr recommendation this corpus (and all its related contents) can be freely distributed and shared subject only to attribution, and share alike. How to reference / cite this contents is given in the titleSmt</p>
          </licence>
        </availability>
      </publicationStmt>
      <sourceDesc>
        <biblStruct>
          <analytic>
            <author>Wikipedia</author>
            <title>Discussion:Faune de l'Australie</title>
            <idno type="Wikipedia">1352965</idno>
          </analytic>
          <monogr>
            <title>Wikipedia</title>
            <imprint>
              <date>2018-01-01</date>
              <publisher>Wikipedia</publisher>
              <pubPlace>http://dumps.wikimedia.org/frwiki/frwiki-20180101-pages-meta-current.xml.bz2</pubPlace>
            </imprint>
          </monogr>
        </biblStruct>
      </sourceDesc>
      <notesStmt>
        <note>This text is the current (2018-01-01) talk page associated with the French Wikipedia article <name type="article">faune_de_l_australie</name></note>
      </notesStmt>
    </fileDesc>
    <encodingDesc>
      <projectDesc></projectDesc>
      <classDecl>
        <taxonomy>
          <bibl>All the category informations are those occurring in the header of the talk page</bibl>
          <category type="genre">
            <catDesc type="main">discussion</catDesc>
            <catDesc type="sub">Wikipedia talk page</catDesc>
          </category>
          <category type="Wikipedia article portal">
            <catDesc>,geographie,,,,,,sciences,,,,</catDesc>
          </category>
          <category type="discipline">
            <catDesc>Australie</catDesc>
            <catDesc>Océanie</catDesc>
            <catDesc>Zoologie</catDesc>
          </category>
          <category type="rate">
            <catDesc>AdQ</catDesc>
          </category>
          <category info="articleAssessment" type="other">
            <catDesc>{{Intention de proposer au label|ADQ|[[Utilisateur:Nico83|Nico83]] 22 mai 2007 à 00:47 (CEST)}}</catDesc>
          </category>
        </taxonomy>
      </classDecl>
    </encodingDesc>
    <profileDesc>
      <langUsage>
        <language ident="fr">french</language>
      </langUsage>
      <textDesc>
        <derivation type="translation">
{{Traduit de|en|Fauna of Australia|16 mars 2007|115631109}}</derivation>
      </textDesc>
    </profileDesc>
  </teiHeader>
  <text>
    <front>
      <titlePage>
        <docTitle>Faune de l'Australie</docTitle>
      </titlePage>
    </front>
    <body>
      <div id="1" level="1">
        <head/>
        <post bot="no" id="1" indentLevel="0" num="1" when="unknown" who="anonyme">
          <p id="1"> Je continue la traduction entamée de la page en anglais. Quand j'aurai terminé, je ferais quelques retouches au début qui est un peu littéral et comprend quelques fautes d'orthographe/grammaire.</p>
          <p id="2"> Je suis nouveau sur wikipédia alors n'hésitez pas à me corriger. Je pense qu'il faudrait aussi mettre un lien vers cette page depuis la page "australie".</p>
        </post>
        <post bot="no" id="2" indentLevel="1" num="2" when="2007-02-21T03:51" who="Fhennyx">
          <p id="1">Je te remercie de t'être proposé. En effet, j'ai commencé à traduire l'article mais, étant plutôt moyen en anglais, je me suis vite rendu compte que le résultat ne serait pas très bon. Pour ce qui est du lien à partir de l'article Australie, c'est déjà fait. Si tu vas voir à la section "Faune et flore" de l'article, il y a un lien avec une loupe vers cette page-ci. Une autre chose, je vois que tu n'as pas inclus les références et notes de bas de page dans le texte pour l'instant. Je ne sais pas ce que tu as l'intention de faire mais, si tu souhaites que cet article soit promut de qualité comme la version anglaise, il faudra que les sources soient présentes. PS: N'oublie pas de signer quand tu écris dans une page de discussion. --<signed><ref target="https://fr.wikipedia.org/wiki/Utilisateur:Fhennyx"><name>Fhennyx</name></ref><date>21 février 2007 à 03:51 (CET)</date></signed></p>
        </post>
        <post bot="no" id="3" indentLevel="0" num="3" when="unknown" who="Nico83">
          <p id="1"> Merci pour tes commentaires. Pour l'instant, je vais poursuivre la traduction. Comme je travaille beaucoup en ce moment, cela pourrait me prendre qq jours avant de trouver le temps.</p>
          <p id="2"> Une fois terminée la traduction, je m'occuperai de tous les liens et autres références. Des photos pourraient être ajoutées et certaines informations corrigées. En effet, lors de mes recherches de définitions / termes présents dans le texte, j'ai consulté d'autres pages de wikipédia avec des informations contradictoires (noms d'espèces, nombre de spécimen encore vivants, etc).</p>
          <p id="3"> La version française pourrait devenir même meilleure que l'anglaise, un comble pour un article sur l'Australie!</p>
          <p id="4"> Enfin, je voudrais rappeler à tout le monde que je suis nouveau et que j'apprendà travailler sur wikipédia au fur et à mesure. N'hésitez donc pas à améliorer la mise en page, les liesn internes, références, etc.</p>
          <p id="5">
            <signed>
              <ref target="https://fr.wikipedia.org/wiki/Utilisateur:Nico83">
                <name>Nico83</name>
              </ref>
            </signed>
          </p>
        </post>
        <post bot="no" id="4" indentLevel="0" num="4" when="2007-03-07T01:18" who="Nico83">
          <p id="1"> Je continue toujours la traduction et effectivement, c'est long et fastidieux. J'efface les liens rouges et j'essaie de faire en sorte qu'il n'y ait que des liens bleus. J'aimerais aussi qu'il y ait moins de liens en général, surtout, lorsqu'il y en a dix à la suite, pour la lisibilité. Je vais peut-être essayer de les déplacer.<signed><ref target="https://fr.wikipedia.org/wiki/Utilisateur:Nico83"><name>Nico83</name></ref><date>7 mars 2007 à 01:18 (CET)</date></signed></p>
        </post>
      </div>
      <div id="2" level="1">
        <head>Suppression des liens rouges</head>
        <post bot="no" id="5" indentLevel="0" num="1" when="2007-03-19T20:54" who="Nico83">
          <p id="1"> Un utilisateur a ajouté de nombreux liens "voir aussi" qui existent dans la version anglaise mais qui renvoient vers des liens qui n'existent pas dans la version française. Je ne vois donc pas l'intérêt. Cela ne fait qu'ajouter des liens rouges. Pareil pour des espèces qui ont un article sur la WP anglaise mais pas sur la WP française. Je ne vois pas non plus l'intérêt. Je veux bien créer ces articles plus tard et alors on pourra remettre ces liens. A moins que ce ne soit une pratique courante sur WP. Je ne sais pas.</p>
          <p id="2"> Admettons que je fasse un article sur Marseille et j'y inclus tout un tas de liens vers des célébrités qui n'ont pas encore d'article. Résultat: liens rouges. Faut-il supprimer les liens ou créer les articles manquant? <signed><ref target="https://fr.wikipedia.org/wiki/Utilisateur:Nico83"><name>Nico83</name></ref><date>19 mars 2007 à 20:54 (CET)</date></signed></p>
        </post>
        <post bot="no" id="6" indentLevel="1" num="2" when="2007-03-19T23:02" who="Fhennyx">
          <p id="1">Je suis d'accord que les "loupes" (les "voir aussi") sont complètement inutils dans le cas présent mais pour les autres liens rouges vers des articles articles qui n'existent pas....... c'est en effet une pratique courante sur Wikipédia. En fait, la plupart préfèrent laisser encore des liens rouges et attendre que les articles soient créés pour considéré d'article comme un article de qualité (dans le but de rendre disponibles toutes les informations nécessaires à la compréhension d'un article) plutôt que de supprimer les liens rouges et attendre que les articles en question existent. --<signed><ref target="https://fr.wikipedia.org/wiki/Utilisateur:Fhennyx"><name>Fhennyx</name></ref><date>19 mars 2007 à 23:02 (CET)</date></signed></p>
        </post>
        <post bot="no" id="7" indentLevel="2" num="3" when="2007-03-19T23:29" who="Nico83">
          <p id="1">Okay, merci Fhennyx. J'ai effacé les loupes. Pour le reste des liens rouges, quand il s'agit d'une espèce, je crée l'article, ou du moins une ébauche. Je ne vais pas plus pour l'instant loin car je ne suis pas spécialiste. Exemple: Lièvre du Cap. <signed><ref target="https://fr.wikipedia.org/wiki/Utilisateur:Nico83"><name>Nico83</name></ref><date>19 mars 2007 à 23:29 (CET)</date></signed></p>
        </post>
        <post bot="no" id="8" indentLevel="2" num="4" when="2007-03-20T15:12" who="Vincnet">
          <p id="1">Pour moi ces liens sont importants, car il montre au lecteur qu'il peut y avoir un développement ultérieur important, mais ce n'est pas grave. Par contre, lorsque tu créés des liens sur des espèces d'une façon incomplète (sans la taxobox et les références externes) il serait bon que tu rajoutes le modèle àtaxobiser pour que  ceux qui s'occupent du projet zoologie puisse trouver facilement ces articles afin de les améliorés. Bonne continuation. <signed><ref target="https://fr.wikipedia.org/wiki/Utilisateur:Vincnet"><name>Vincnet</name></ref> G <date>20 mars 2007 à 15:12 (CET)</date></signed></p>
        </post>
      </div>
      <div id="3" level="1">
        <head>Note sans aucun rapport</head>
        <post bot="no" id="9" indentLevel="0" num="1" when="2007-03-20T01:35" who="Nico83">
          <p id="1"> J'adoooore la photo du requin!!<signed><ref target="https://fr.wikipedia.org/wiki/Utilisateur:Nico83"><name>Nico83</name></ref><date>20 mars 2007 à 01:35 (CET)</date></signed></p>
        </post>
        <post bot="no" id="10" indentLevel="1" num="2" when="unknown" who="Vincnet">
          <p id="1">Mais inutile car n'illustrant pas au mieux l'article. <signed><ref target="https://fr.wikipedia.org/wiki/Utilisateur:Vincnet"><name>Vincnet</name></ref></signed> G</p>
        </post>
        <post bot="no" id="11" indentLevel="2" num="3" when="2007-03-21T05:06" who="Nico83">
          <p id="1">Merci pour tes commentaires et tes contributions. D'un point de vue strictement biologique, tu as tout  à fait raison. Mais d'un point de vue strictement biologique, cet article pourrait se résumer à une liste de taxoboxes. Or, l'auteur original, puisqu'il s'agit d'un article traduit de l'anglais, a pris le parti de faire des phrases, de regrouper ces phrases en paragraphes et d'illustrer ces paragraphes par des images. J'ai changé certaines de ces images, soit parce qu'elles ne s'affichaient pas correctement (exemple: mérou), soit parce que j'en avais trouvé d'autres, plus "parlantes" à mon goût. Tout en prenant soin de choisir des images correspondant bien aux espèces qu'elles doivent illustrer. Si je me suis trompé, je suis d'accord pour qu'elles soient changées. De même si je n'ai pas respecté toutes les règles de rédaction ou de présentation de Wikipédia. <signed><ref target="https://fr.wikipedia.org/wiki/Utilisateur:Nico83"><name>Nico83</name></ref><date>21 mars 2007 à 05:06 (CET)</date></signed></p>
        </post>
        <post bot="no" id="12" indentLevel="2" num="4" when="2007-03-21T05:14" who="Nico83">
          <p id="1">Bon, ceci dit ma remarque sur la photo du requin était personnelle, mais comme c'est dans l'onglet discussion...<signed><ref target="https://fr.wikipedia.org/wiki/Utilisateur:Nico83"><name>Nico83</name></ref><date>21 mars 2007 à 05:14 (CET)</date></signed></p>
        </post>
      </div>
      <div id="4" level="1">
        <head>Un peu d'ordre svp</head>
        <post bot="no" id="13" indentLevel="0" num="1" when="2007-03-24T22:47" who="Nico83">
          <p id="1"> Je suis en train de traduire cette page depuis l'article anglais. Je comprends bien le principe de WP et tout le monde est invité à modifier cette page. Toutefois, j'aimerais rappeler à tous les contributeurs actuels et potentiels de bien vouloir "'lire l'article dans sa totalité avant d'y ajouter de nouveaux textes qui ne font que paraphraser ce qui a déjà été écrit plus haut dans l'article"'. Merci également de noter que cet article traite de la "'faune australienne"', "'un paragraphe sur les plantes (uniquement) est donc inapproprié"'. Merci également de "'vous relire"', pour éviter les "'fautes d'orthographe"'!!<signed><ref target="https://fr.wikipedia.org/wiki/Utilisateur:Nico83"><name>Nico83</name></ref><date>24 mars 2007 à 22:47 (CET)</date></signed></p>
        </post>
        <post bot="no" id="14" indentLevel="0" num="2" when="2007-03-25T05:58" who="Nico83">
          <p id="1"> Les paragraphes écrits en mauvais français, traduits de l'anglais au traducteur automatiques, paraphrasant un paragraphe déjà existant dans l'article seront effacés, "'dans l'intérêt de la qualité de l'article"'. Ce n'est pas que je me sente l'âme d'un dictateur ou que je considère cette page comme "m'appartenant", mais j'ai l'impression que certains contributeurs (sans pseudo) ne prennent pas la peine de lire l'article en entier ou ajoutent des paragraphes sans intérêt. Toutefois, je conserverai les données factuelles. J'invite les personnes concernées à se manifester si elles s'y opposent.<signed><ref target="https://fr.wikipedia.org/wiki/Utilisateur:Nico83"><name>Nico83</name></ref><date>25 mars 2007 à 05:58 (CEST)</date></signed></p>
        </post>
        <post bot="no" id="15" indentLevel="1" num="3" when="2007-03-25T14:55" who="Jraf">
          <p id="1">Beau coup de gueule que je soutiens fortement. Revert sans état d'âme et continue ton bon boulot! --<signed><ref target="https://fr.wikipedia.org/wiki/Jraf"><name>Jraf</name></ref> TwoWings (jraf)  <date>25 mars 2007 à 14:55 (CEST)</date></signed></p>
        </post>
        <post bot="no" id="16" indentLevel="0" num="4" when="2007-03-28T18:30" who="Nico83">
          <p id="1"> Les paragraphes incriminés ont été effacés. Je pense qu'ils trouveront plus leur place dans de nouveaux articles que je créerai peut-être: mégafaune australienne, espèces envahissantes d'Australie. En l'état actuel, ils étaient de piêtre qualité et nécessitait d'être re-rédigé.<signed><ref target="https://fr.wikipedia.org/wiki/Utilisateur:Nico83"><name>Nico83</name></ref><date>28 mars 2007 à 18:30 (CEST)</date></signed></p>
        </post>
        <post bot="no" id="17" indentLevel="1" num="5" when="2007-03-28T23:36" who="81.246.185.174">
          <p id="1">Pas finalise, c'est sur, mais un chapitre sur les especes envahissantes est absolument necessaire a cet article. En effet comment ne pas y presenter les problemes majeurs lies a la Faune australienne ? <signed><ref target="https://fr.wikipedia.org/wiki/Utilisateur:81.246.185.174"><name>81.246.185.174</name></ref><date>28 mars 2007 à 23:36 (CEST)</date></signed></p>
        </post>
        <post bot="no" id="18" indentLevel="2" num="6" when="2007-03-29T04:09" who="Nico83">
          <p id="1">Merci pour ta contribution. N'hésite pas à créer un compte (c'est très rapide). Cela facilite le dialogue et la coopération. Cependant, laisse moi t'expliquer mon point de vue : cet article est une traduction non finie de l'article anglais :en:fauna of Australia sur laquelle je travaille depuis longtemps. Cela ne signifie pas pour autant que l'article français doive se limiter à cette traduction, mais c'est un bon début, étant donné que l'article anglais est un article de qualité. Les paragraphes que tu ajoutes en fin d'article ne sont pas sans intérêt, mais ils sont trop précis, trop longs et débordent parfois du sujet puisqu'ils concernent également la flore ou la politique australienne en matière d'environnement au sens large (et non pas seulement en matière de protection de la faune australienne). Ce que tu dis par exemple sur les grenouilles envahissantes est juste, mais c'est déjà cité plus haut dans l'article, à titre illustratif. Nul besoin de le répéter donc, ni de multiplier les exemples. Je te suggère donc de créer un article sur les espèces envahissantes ou sur les espèces introduites par les européens, où tu pourras lister toutes ces infos. Il sera alors possible de créer un lien depuis le paragraphe "impact humain et conservation" vers cet article. Enfin, j'ai remarqué que quand tu ajoutes ces paragraphes à la fin, tu effaces une partie de mon travail. C'est très frustrant. Tu pourrais au moins respecter mon travail. Mieux vaut collaborer. Pour cela, commence par t'inscrire... Je préfère débattre de tout cela avec un pseudo qu'avec une IP. Merci <signed><ref target="https://fr.wikipedia.org/wiki/Utilisateur:Nico83"><name>Nico83</name></ref><date>29 mars 2007 à 04:09 (CEST)</date></signed></p>
        </post>
        <post bot="no" id="19" indentLevel="2" num="7" when="2007-03-29T06:34" who="Nico83">
          <p id="1">"ils ont pu avoir contribué à cette extinction" n'est pas français. C'est le genre de tournure qui empêche la bonne lisibilité de l'article. <signed><ref target="https://fr.wikipedia.org/wiki/Utilisateur:Nico83"><name>Nico83</name></ref><date>29 mars 2007 à 06:34 (CEST)</date></signed></p>
        </post>
        <post bot="no" id="20" indentLevel="3" num="8" when="unknown" who="anonyme">
          <p id="1">J'ai bien compris cet objectif et rien de ce que tu as ecrit n'a ete efface seul une petite reorganisation a ete produite, et les ajouts faits l'ont ete en fonction de la traduction que tu voulais obtenir. Ces ajouts ne sont pas trop precis car ils concernent le vif du sujet a savoir les problemes de la faune australienne (tu ne veux pas creer un article uniquement pour ca) et comment ne pas parler de la politique de gestion de la faune puisqu'elle influe directemnt sur la faune ? D'autre part les ajouts sur la politique, c'est a dire la legislation, viennent pour l'essentiel de toi !!!. Enfin tu dis que c'est une redite, alors plus haut tu parle de l'extention et de la methode de piegeage ? Non. Pour les redites il serait effectivement bon de reporter certaines informations concernant les especes invasives dans le chapitre du bas. Par exemple en changeant "L'Australie compte quatre familles endémiques de batraciens." et L'Australie compte quatre familles endémiques de batraciens et une espece importee devenue invasive" et en reportant les precisions qui suivent sur le chapitre des especes invasives (dont l'objectif a terme est la disparission). Tu dis que ton objectif est l'ADQ, il me semble que les criteres francais soit plus exigeant. Les ajouts qui restent a produire selon moi sont :</p>
          <list>
            <item id="2">Pour les especes introduites, explicite precisement les degats et les raisons des introductions et du desire d'eradication</item>
            <item id="3">Developper les perspectives pour la faune. Aussi, il faut encore evoquer les probleme d'hydrographie et de salinite pour que le probleme soit cerne.</item>
            <item id="4">Essayer de presenter la faune par biome (l'Australie a une faune trop particuliere pour ne pas le faire) (http://www.environment.gov.au/parks/nrs/ibra/version6-1/index.html source)</item>
            <item id="5">parler des criquets de facon plus precise</item>
          </list>
        </post>
        <post bot="no" id="21" indentLevel="0" num="9" when="2007-03-29T11:18" who="Chu">
          <p id="1">
            <signed>
              <ref target="https://fr.wikipedia.org/wiki/Utilisateur:Chu">
                <name>Chu</name>
              </ref>
              <date>29 mars 2007 à 11:18 (CEST)</date>
            </signed>
          </p>
        </post>
      </div>
      <div id="5" level="1">
        <head>Traduction finie</head>
        <post bot="no" id="22" indentLevel="0" num="1" when="2007-03-30T02:43" who="Nico83">
          <p id="1"> Bon, ça y est, j'ai fini de traduire. Je n'ai pas effacé les contributions de Chu. Reste maintenant à me relire une première fois pour la grammaire, à inclure les références manquantes et à créer quelques ébauches d'articles pour les liens. Ensuite, je réorganiserai le dernier paragraphe qui me semble encore un peu désordonné. Ensuite, je mettrai un bandeau relecture pour demander à un autre linguiste de vérifier ma trad. <signed><ref target="https://fr.wikipedia.org/wiki/Utilisateur:Nico83"><name>Nico83</name></ref><date>30 mars 2007 à 02:43 (CEST)</date></signed></p>
        </post>
      </div>
      <div id="6" level="1">
        <head>Faune de l'Australie vs Faune australienne</head>
        <post bot="no" id="23" indentLevel="0" num="1" when="2007-03-27T01:30" who="Nico83">
          <p id="1"> A terme, quand la traduction sera finie (dans qq jours, promis), je compte bien renommer cet article en "Faune Australienne". Je ne saurais pas me justifier mais il me semble que cela sonne tout simplement mieux. N'hésitez pas à donner votre avis. <signed><ref target="https://fr.wikipedia.org/wiki/Utilisateur:Nico83"><name>Nico83</name></ref><date>27 mars 2007 à 01:30 (CEST)</date></signed></p>
        </post>
        <post bot="no" id="24" indentLevel="1" num="2" when="2007-03-30T23:04" who="Nico83">
          <p id="1">Bon, alors, maintenant que la traduction est finie, je souhaite effectuer cette modification. Qu'est-ce que cela implique pour les pages liées? faut-il changer tous les liens? Merci pour vos commentaires. <signed><ref target="https://fr.wikipedia.org/wiki/Utilisateur:Nico83"><name>Nico83</name></ref><date>30 mars 2007 à 23:04 (CEST)</date></signed></p>
        </post>
        <post bot="no" id="25" indentLevel="2" num="3" when="2007-03-30T23:29" who="Bapti">
          <p id="1">En l'occurence, c'est un peu compliqué : il faut demander à un admin sur Wikipédia:Demande de renommage de renommer Faune de l'Australie en Faune australienne car cela implique la suppression provisoire du redirect de Faune australienne. Dis-moi si tu veux que je fasse la demande à ta place. Bonne soirée--<signed><ref target="https://fr.wikipedia.org/wiki/Utilisateur:Bapti"><name>Bapti</name></ref><date>30 mars 2007 à 23:29 (CEST)</date></signed></p>
        </post>
        <post bot="no" id="26" indentLevel="3" num="4" when="2007-03-31T01:25" who="Nico83">
          <p id="1">Je veux bien que tu fasses la demande de renommage à ma place mais je me demande simplement ce que tu en penses? Est-ce que Faune australienne ou Faune d'Australie plutot que "de l'australie" serait mieux? peut-être y a-t-il un précédent: faune française, de France, de la France (l'article défini semble toutefois vraiment de trop). A voir... En tout cas, merci pour ton aide. <signed><ref target="https://fr.wikipedia.org/wiki/Utilisateur:Nico83"><name>Nico83</name></ref><date>31 mars 2007 à 01:25 (CEST)</date></signed></p>
        </post>
        <post bot="no" id="27" indentLevel="4" num="5" when="2007-03-31T08:49" who="Bapti">
          <p id="1">Pour info, il existe Faune de l'Argentine, Faune d'Iran, Faune d'Ediacara, etc. Donc finalement, il vaut mieux laisser le titre actuelle ou changer tous les autres (une dizaine en tout...). Bonne journée--<signed><ref target="https://fr.wikipedia.org/wiki/Utilisateur:Bapti"><name>Bapti</name></ref><date>31 mars 2007 à 08:49 (CEST)</date></signed></p>
        </post>
      </div>
      <div id="7" level="1">
        <head>Typographie</head>
        <post bot="no" id="28" indentLevel="0" num="1" when="2007-03-31T02:17" who="Nico83">
          <p id="1"> Les noms latins doivent-ils être mis en italique? Faut-il mettre une majuscule à un nom d'espèce, de genre, de famille, etc.? En tout cas, la typographie doit être homogénéisée dans cet article. <signed><ref target="https://fr.wikipedia.org/wiki/Utilisateur:Nico83"><name>Nico83</name></ref><date>31 mars 2007 à 02:17 (CEST)</date></signed></p>
        </post>
        <post bot="no" id="29" indentLevel="1" num="2" when="2007-03-31T08:48" who="Bapti">
          <p id="1">J'ai pas trouvé de réponse claire sur Wikipédia:Conventions typographiques mais au vu des autres articles sur la biologie, il faut bien mettre en italique mais sans majuscules.--<signed><ref target="https://fr.wikipedia.org/wiki/Utilisateur:Bapti"><name>Bapti</name></ref><date>31 mars 2007 à 08:48 (CEST)</date></signed></p>
        </post>
        <post bot="no" id="30" indentLevel="2" num="3" when="2007-03-31T09:17" who="Valérie75">
          <p id="1">Pour les noms latins :</p>
          <p id="2"> Pour les noms de genre ou d'espèce, l'italique est obligatoire. Seul le genre prend une capitale,  l'espèce s'écrit sans capitale (dans les ouvrages anciens, on peut souvent voir écrit l'espèce également avec une capitale lorsque le mot venait d'un nom propre, le système à été, au cours des années 1950/1960, simplifié et homogénéisé).</p>
          <p id="3"> Pour les autres taxons supérieurs au genre écrits en latin : capitale initiale obligatoire, pas d'italique. En fait, le code typo récommande de mettre en italique tous les termes en latin. Dans la pratique, je connais très peu de publications zoologiques scientifiques et modernes suivant cette règle, on peut donc s'en abstenir.</p>
          <p id="4"> Bravo pour cette traduction.--<signed><ref target="https://fr.wikipedia.org/wiki/Valérie75"><name>Valérie75</name></ref> Valérie <date>31 mars 2007 à 09:17 (CEST)</date></signed></p>
        </post>
        <post bot="no" id="31" indentLevel="3" num="4" when="2012-12-29T10:43" who="anonyme">
          <p id="1"> Problème de définition : vous écrivez : "Seul le genre prend une capitale" Non ! une majuscule ! On parle de capitales quand tout le mot est écrit en haut de casse, la majuscule n'est qu'à l'initiale. http://fr.wikipedia.org/wiki/Capitale_et_majuscule--Régis KRIEG-JACQUIER <signed><date>29 décembre 2012 à 10:43 (CET)</date></signed></p>
        </post>
      </div>
      <div id="8" level="1">
        <head>Contenu impact humain et conservation</head>
        <post bot="no" id="32" indentLevel="0" num="1" when="2007-04-01T18:16" who="Nico83">
          <p id="1"> Ce dernier paragraphe continue à s'agrandir grâce aux contributions de Chu. A mon humble avis, il est important d'évoquer les problèmes liés à la conservation de l'environnement en Australie dans cet article "faune de l'australie". Mais en l'occurence, le dernier paragraphe devient trop volumineux et prend une taille disproportionnée par rapport aux premiers paragraphes. Je suggère donc de créer plusieurs articles, qui seront liés au dernier paragraphe du "faune de l'australie" par l'intermédiaire de bordereaux "voir aussi". Je pense à un article nommé "mégafaune australienne"et à un article "espèces envahissantes d'australie". Ainsi, le petit différend qui m'oppose à Chu serait réglé. Ces contributions ne seraient pas perdues (je reconnais en outre qu'elles sont intéressantes et méritent largement leur place sur WP) et l'article "faune de l'australie", déjà assez long, en serait soulagé. Sa lecture intégrale serait facilitée et il me serait alors possible d'engager plus d'améliorations et/ou corrections dans celui-ci, "'en vue de parvenir à un AdQ, ce qui est mon objectif à terme."' Votre avis est le bienvenu. <signed><ref target="https://fr.wikipedia.org/wiki/Utilisateur:Nico83"><name>Nico83</name></ref><date>1 avril 2007 à 18:16 (CEST)</date></signed></p>
        </post>
        <post bot="no" id="33" indentLevel="1" num="2" when="2007-04-01T19:19" who="Chu">
          <p id="1">les problemes poses par les especes envahissantes en Australie peuvent effectivement largement occuper plusieurs articles. Je n'ai pas l'intention de developper cette partie davantage, aussi elle peut, car elle est courte, restee ici. S'il y a un point a ameliore c'est la partie ecozone pour contrebalancer le choix (qui en devient le defaut) de l'article en anglais, c'est a dire de presenter la faune sans preciser ou presque leur "ecosysteme".</p>
          <p id="2"> Je voudrais preciser trois choses importantes :</p>
          <list>
            <item id="3">"espece introduite" n'est pas synonyme de "espece envahissante".</item>
            <item id="4">La gestion de la faune par l'etat ne porte pas que sur les especes invasive. Les bovines, ne sont pas considerer comme invasif.</item>
            <item id="5">L'article est loin d'avoir la longueur de certains ADQ, et meme a l'heure actuelle, le soucis que j'evoque plus haut sur l'abscence de correlation entre biome et espece doit etre developper ou je ne vois pas comment cet article pourra passer en ADQ avec l'assentiment des zoowikiphiles.</item>
          </list>
          <p id="6"> Enfin, pour ecrire un article sur les especes envahissantes, il faudra serieusement penser a la facon d'aborder le sujet et se pencher sur les sources primaires du gvt australien. L'article sur wiki n'est pas bon sur ces deux points au moins.<signed><ref target="https://fr.wikipedia.org/wiki/Utilisateur:Chu"><name>Chu</name></ref><date>1 avril 2007 à 19:19 (CEST)</date></signed></p>
        </post>
        <post bot="no" id="34" indentLevel="2" num="3" when="2007-04-01T23:12" who="Nico83">
          <p id="1">J'ai fusionné les deux premiers paragraphes de la partie impact humain. Ils traitaient du même sujet et était un peu répétitif. Si j'ai bien compris: dispartion de mégafaune = aborigènes (fire stick farming) et/ou période de glaciation ==débat, controverse. En tout cas, je n'ai fait que remanier le tout et je ne pense pas avoir effacé des informations.<signed><ref target="https://fr.wikipedia.org/wiki/Utilisateur:Nico83"><name>Nico83</name></ref><date>1 avril 2007 à 23:12 (CEST)</date></signed></p>
        </post>
        <post bot="no" id="35" indentLevel="3" num="4" when="2007-04-01T23:24" who="Chu">
          <p id="1">Pas de prb, dans ce cas ci <signed><ref target="https://fr.wikipedia.org/wiki/Utilisateur:Chu"><name>Chu</name></ref><date>1 avril 2007 à 23:24 (CEST)</date></signed></p>
        </post>
      </div>
      <div id="9" level="1">
        <head>Bovinés</head>
        <post bot="no" id="36" indentLevel="0" num="1" when="2007-04-14T11:36" who="Anne97432">
          <p id="1"> Méa culpa ! --<signed><ref target="https://fr.wikipedia.org/wiki/Anne97432"><name>Anne97432</name></ref> Anne <date>14 avril 2007 à 11:36 (CEST)</date></signed></p>
        </post>
        <post bot="no" id="37" indentLevel="1" num="2" when="2007-04-14T12:10" who="Vincnet">
          <p id="1">en fait la raison (mise dans le commentaire n'est pas du tout la bonne, mea culpa aussi). Les moutons sont des bovidés, les vaches des bovidés sous genre bovinés. Si on écrit moutons + bovidés, c'est redondant. Il faut laisser bovinés. <signed><ref target="https://fr.wikipedia.org/wiki/Utilisateur:Vincnet"><name>Vincnet</name></ref> G <date>14 avril 2007 à 12:10 (CEST)</date></signed></p>
        </post>
        <post bot="no" id="38" indentLevel="2" num="3" when="2007-04-14T14:22" who="Anne97432">
          <p id="1">Dans quelle catégorie classe-t-on José Bové ? Donc si je comprends bien : (ovins plus bovins) = bovinés ? Ou est-ce ovin + caprins + bovins ? Et les chevaux et les ânes ? --<signed><ref target="https://fr.wikipedia.org/wiki/Anne97432"><name>Anne97432</name></ref> Anne <date>14 avril 2007 à 14:22 (CEST)</date></signed></p>
        </post>
      </div>
      <div id="10" level="1">
        <head>Bravo au traducteur</head>
        <post bot="no" id="39" indentLevel="0" num="1" when="2007-05-08T10:25" who="Berichard">
          <p id="1"> J'ai découvert cet article sur l'Australie alors qu'il était presque fini. C'était un travail impressionnant. Je me suis permis d'y apporter quelques modifications que l'on pourra retirer sans problème si elles gênent l'auteur.</p>
          <list>
            <item id="2">  J'ai essayé de structurer de façon plus claire les paragraphes portant sur les différents embranchements ou ordres et de les normaliser. J'espère que cela facilitera la lecture sans enlever de l'intérêt au texte.</item>
            <item id="3"> J'ai essayé de normaliser la taille des photos en 200px, en les plaçant si possibles à droite en face du texte.</item>
            <item id="4"> Je suis embété car il y a deux fois une photo de kangourou, deux fois une photo de koala et deux fois une photo de requin. Il me semble que l'on pourrait en supprimer une sur deux. On pourrait mettre à la place me semble t'il une photo de wombat, une d'échiné et surtout une de la perruche ondulée qui me semble être avec le cacatoès blanc le symbole des oiseaux australiens.</item>
          </list>
          <p id="5"> Quant à la photo de José Bové, je ne vois pas très bien s'il faut la classer dans les oiseaux (un drôle d'oiseau), dans les animaux nuisibles (destruction des champs), ou autre. Il faudrait pouvoir la faire coulisser en fonction des opinions du lecteur.</p>
          <p id="6">
            <signed>
              <ref target="https://fr.wikipedia.org/wiki/Utilisateur:Berichard">
                <name>Berichard</name>
              </ref>
              <date>8 mai 2007 à 10:25 (CEST)</date>
            </signed>
          </p>
        </post>
      </div>
      <div id="11" level="1">
        <head>Rat-kangourou</head>
        <post bot="no" id="40" indentLevel="0" num="1" when="2007-05-11T13:19" who="François SUEUR">
          <p id="1"> Il y a une contradiction à mon avis entre une phrase de l'intro et celle-ci figurant dans l'article sur le rat-kangourou disparu :"C'est un des rares vertébrés disparus récemment dont la disparition  ne soit pas directement liée à l'arrivée des européens sur le continent."--<signed><ref target="https://fr.wikipedia.org/wiki/Utilisateur:François SUEUR"><name>François SUEUR</name></ref><date>11 mai 2007 à 13:19 (CEST)</date></signed></p>
        </post>
        <post bot="no" id="41" indentLevel="1" num="2" when="2007-05-15T01:23" who="Nico83">
          <p id="1">Remarque judicieuse; la contradiction vient de l'acception, différente selon les lecteurs, du terme "récemment". L'arrivée des européens peut être qualifiée de récente (18 puis 19ème siècle), tout comme une disparition qui aurait eu lieu il y a 5000 ans (à l'échelle de l'histoire du vivant). A modifier éventuellement si cela gène la compréhension. <signed><ref target="https://fr.wikipedia.org/wiki/Utilisateur:Nico83"><name>Nico83</name></ref><date>15 mai 2007 à 01:23 (CEST)</date></signed></p>
        </post>
      </div>
      <div id="12" level="1">
        <head>Majuscules et orthographe</head>
        <post bot="no" id="42" indentLevel="0" num="1" when="2007-05-11T13:26" who="François SUEUR">
          <p id="1"> Excellent article. Toujours le pb des majuscules : certaines espèces se voient attribuer des majuscules, d'autres pas. Besoin d'uniformisation donc.</p>
          <p id="2"> Je vois aussi un lien vers Tortue olivatre qui est bien un titre d'article, mais l'espèce doit s'orthographier plutôt Tortue olivâtre.--<signed><ref target="https://fr.wikipedia.org/wiki/Utilisateur:François SUEUR"><name>François SUEUR</name></ref><date>11 mai 2007 à 13:26 (CEST)</date></signed></p>
        </post>
      </div>
      <div id="13" level="1">
        <head>Forêts</head>
        <post bot="no" id="43" indentLevel="0" num="1" when="2007-05-12T18:46" who="François SUEUR">
          <p id="1"> Ne voulant pas intervenir hors de propos sur cet excellent article, je pense que le terme Forêts tempérées d'arbres à feuilles caduques devrait être remplacé par "Forêts tempérées caducifoliées" plus simple et qui, je crois, correspond à la terminologie botanique utilisée.--<signed><ref target="https://fr.wikipedia.org/wiki/Utilisateur:François SUEUR"><name>François SUEUR</name></ref><date>12 mai 2007 à 18:46 (CEST)</date></signed></p>
        </post>
      </div>
      <div id="14" level="1">
        <head>Merci à tous et continuez</head>
        <post bot="no" id="44" indentLevel="0" num="1" when="2007-05-22T22:09" who="Nico83">
          <p id="1"> Cela fait maintenant plusieurs semaines que j'ai achevé la traduction de cet article et, depuis, de nombreux et excellents ajouts ont été faits. Je ne revendique donc aucun droit de regard/paternité quant aux éventuelles modifications qui pourraient être apportées. Considérez cet article comme le votre, chers wikipédiens; il grandira et s'améliorera grâce à toutes vos contributions, lesquelles n'ont pas besoin de mon seul consentement mais d'un simple consensus. <signed><ref target="https://fr.wikipedia.org/wiki/Utilisateur:Nico83"><name>Nico83</name></ref><date>22 mai 2007 à 22:09 (CEST)</date></signed></p>
        </post>
        <post bot="no" id="45" indentLevel="1" num="2" when="2007-05-22T22:31" who="François SUEUR">
          <p id="1">Bravo encore pour cet excellent article.--<signed><ref target="https://fr.wikipedia.org/wiki/Utilisateur:François SUEUR"><name>François SUEUR</name></ref><date>22 mai 2007 à 22:31 (CEST)</date></signed></p>
        </post>
      </div>
      <div id="15" level="1">
        <head>oiseaux</head>
        <post bot="no" id="46" indentLevel="0" num="1" when="2007-08-08T01:18" who="Vincnet">
          <p id="1"> Pour les oiseaux, qqs infos sur http://people.eku.edu/ritchisong/RITCHISO//birdbiogeography.html <signed><ref target="https://fr.wikipedia.org/wiki/Utilisateur:Vincnet"><name>Vincnet</name></ref> G <date>8 août 2007 à 01:18 (CEST)</date></signed></p>
        </post>
      </div>
      <div id="16" level="1">
        <head>Relecture post-label</head>
        <post bot="no" id="47" indentLevel="0" num="1" when="2014-06-09T11:40" who="TiboF">
          <p id="1"> Bonjour. Dans le cadre du Projet:Après label, j'ai relu l'article car il s'agit de sa date anniversaire de labellisation. Je me suis permis de rajouter les images alternatives et les points finaux aux légendes des images et aux références. J'ai également supprimé trois liens morts en lien externe. Parmi les liens morts, il y en a plusieurs dont, à ce jour, les sources : 4, 7, 48, 52, 56, 58, 64, 70, 73, 77, 79, 83, 84, 85. Attention, il y a des liens rouges et des chapitres complets non sourcés (« Empoisonnement », « Destruction virologique », « Piégeage », « En attente » (ce dernier est-il toujours à jour ?)).</p>
          <p id="2"> Afin d'améliorer l'article, je vous invite à vous pencher à nouveau sur l'article anglais. Celui-ci, même s'il n'est pas labellisé, utilise l'ouvrage de Menkhorst et Knight, ce qui ne me semble pas le cas ici. Cela pourrait être un point d'amélioration possible ; parce qu'en regardant de plus près, l'article a depuis sa labellisation simplement évolué sur la forme et non sur le fond. Bon courage. <signed><ref target="https://fr.wikipedia.org/wiki/Utilisateur:TiboF"><name>TiboF</name></ref><date>9 juin 2014 à 11:40 (CEST)</date></signed></p>
        </post>
      </div>
      <div id="17" level="1">
        <head>Fichier proposé à la suppression sur Commons</head>
        <post bot="no" id="48" indentLevel="0" num="1" when="2017-01-01T08:36" who="anonyme">
          <p id="1"> Message déposé automatiquement par un robot le <signed><date>1 janvier 2017 à 08:36 (CET)</date></signed>.</p>
        </post>
      </div>
    </body>
  </text>
</TEI>
